<?xml version="1.0"?>
<doc>
    <assembly>
        <name>FileTime</name>
    </assembly>
    <members>
        <member name="T:automationControls.FileTime.AssemblyVersion">
            <summary>
            This class uses the System.Reflection.Assembly class to
            access assembly meta-data
            </summary>
        </member>
        <member name="M:automationControls.FileTime.AssemblyVersion.#ctor">
            <summary>
            Constructor
            </summary>
        </member>
        <member name="M:automationControls.FileTime.AssemblyVersion.ToString">
            <summary>
            Returns a string with the assembly version attributes 
            </summary>
            <returns>String with the assembly version attributes</returns>
        </member>
        <member name="M:automationControls.FileTime.AssemblyVersion.ToHTML">
            <summary>
            Returns a HTML format string with the assembly version attributes
            </summary>
            <returns>HTML format string with the assembly version attributes</returns>
        </member>
        <member name="P:automationControls.FileTime.AssemblyVersion.AssemblyName">
            <summary>
            Describes an assembly's unique identity in full.
            </summary>
        </member>
        <member name="P:automationControls.FileTime.AssemblyVersion.AssemblyFullName">
            <summary>
            Gets the full name of the assembly, also known as the display name.
            </summary>
        </member>
        <member name="P:automationControls.FileTime.AssemblyVersion.CodeBase">
            <summary>
            Gets the location of the assembly as specified originally, for example, in an AssemblyName object.
            </summary>
        </member>
        <member name="P:automationControls.FileTime.AssemblyVersion.Copyright">
            <summary>
            Defines a copyright custom attribute for an assembly manifest.
            </summary>
        </member>
        <member name="P:automationControls.FileTime.AssemblyVersion.Company">
            <summary>
            Defines a company name custom attribute for an assembly manifest.
            </summary>
        </member>
        <member name="P:automationControls.FileTime.AssemblyVersion.Description">
            <summary>
            Defines an assembly description custom attribute for an assembly manifest.
            </summary>
        </member>
        <member name="P:automationControls.FileTime.AssemblyVersion.Product">
            <summary>
            Defines a product name custom attribute for an assembly manifest.
            </summary>
        </member>
        <member name="P:automationControls.FileTime.AssemblyVersion.Title">
            <summary>
            Defines an assembly title custom attribute for an assembly manifest.
            </summary>
        </member>
        <member name="P:automationControls.FileTime.AssemblyVersion.Trademark">
            <summary>
            Defines a trademark custom attribute for an assembly manifest.
            </summary>
        </member>
        <member name="P:automationControls.FileTime.AssemblyVersion.Version">
            <summary>
            Gets the major, minor, revision, and build numbers of the assembly.
            </summary>
        </member>
        <member name="P:automationControls.FileTime.AssemblyVersion.VersionDetails">
            <summary>
            Gets the major, minor, revision, and build numbers of the assembly.
            </summary>
        </member>
        <member name="T:automationControls.FileTime.Form_About">
            <summary>
            Form_About: Displays information about this application.
            Version: 1.0
            Company: automationControls
            Date: 1 Jan 2005
            Author: T.J.M-N
            </summary>
        </member>
        <member name="F:automationControls.FileTime.Form_About.components">
            <summary>
            Required designer variable.
            </summary>
        </member>
        <member name="M:automationControls.FileTime.Form_About.#ctor">
            <summary>
            About form
            </summary>
        </member>
        <member name="M:automationControls.FileTime.Form_About.Dispose(System.Boolean)">
            <summary>
            Clean up any resources being used.
            </summary>
        </member>
        <member name="M:automationControls.FileTime.Form_About.InitializeComponent">
            <summary>
            Required method for Designer support - do not modify
            the contents of this method with the code editor.
            </summary>
        </member>
        <member name="M:automationControls.FileTime.Form_About.Form_About_Load(System.Object,System.EventArgs)">
            <summary>
            Load the About Form
            </summary>
            <param name="sender">Object</param>
            <param name="e">EventArgs</param>
        </member>
        <member name="M:automationControls.FileTime.Form_About.linkLabel_Address_LinkClicked(System.Object,System.Windows.Forms.LinkLabelLinkClickedEventArgs)">
            <summary>
            Link to automationControls
            </summary>
            <param name="sender">object</param>
            <param name="e">EventArgs</param>
        </member>
        <member name="M:automationControls.FileTime.Form_About.button_Close_Click(System.Object,System.EventArgs)">
            <summary>
            Close this form
            </summary>
            <param name="sender">object</param>
            <param name="e">EventArgs</param>
        </member>
        <member name="T:automationControls.FileTime.Form_Main">
            <summary>
            Sets the creation, last write and last access date and time of user selection with various options
            Version: 1.0
            Date: 17 July 2014
            Author: genBTC
            </summary>
        </member>
        <member name="M:automationControls.FileTime.Form_Main.#ctor">
            <summary>
            Init the main startup form
            </summary>
        </member>
        <member name="M:automationControls.FileTime.Form_Main.Dispose(System.Boolean)">
            <summary>
            Clean up any resources being used.
            </summary>
        </member>
        <member name="M:automationControls.FileTime.Form_Main.InitializeComponent">
            <summary>
            Required method for Designer support - do not modify
            the contents of this method with the code editor.
            </summary>
        </member>
        <member name="M:automationControls.FileTime.Form_Main.Main">
            <summary>
            The main entry point for the application.
            </summary>
        </member>
        <member name="M:automationControls.FileTime.Form_Main.Form_Main_Load(System.Object,System.EventArgs)">
            <summary>
            Load the main form
            </summary>
            <param name="sender">Form</param>
            <param name="e">EventArgs</param>
        </member>
        <member name="F:automationControls.FileTime.Form_Main.itemsSetCount">
            <summary>
            Count of the number of files/directories that have been set
            </summary>
        </member>
        <member name="F:automationControls.FileTime.Form_Main.itemsSkippedCount">
            <summary>
            Count of the number of system or hidden files skipped
            </summary>
        </member>
        <member name="F:automationControls.FileTime.Form_Main.itemsErrorsCount">
            <summary>
            Count of the number of files/directories that have errors setting the date/time
            </summary>
        </member>
        <member name="M:automationControls.FileTime.Form_Main.checkBox_CreationDateTime_CheckedChanged(System.Object,System.EventArgs)">
            <summary>
            Creation Checkbox selection changed
            </summary>
        </member>
        <member name="M:automationControls.FileTime.Form_Main.checkBox_LastWriteDateTime_CheckedChanged(System.Object,System.EventArgs)">
            <summary>
            Modified Checkbox selection changed
            </summary>
        </member>
        <member name="M:automationControls.FileTime.Form_Main.checkBox_LastAccessDateTime_CheckedChanged(System.Object,System.EventArgs)">
            <summary>
            Accessed Checkbox selection changed
            </summary>
        </member>
        <member name="M:automationControls.FileTime.Form_Main.listView_Folders_SelectedIndexChanged(System.Object,System.EventArgs)">
            <summary>
            The Folder listview selection has changed
            </summary>
        </member>
        <member name="M:automationControls.FileTime.Form_Main.listView_Folders_DoubleClick(System.Object,System.EventArgs)">
            <summary>
            The Folder listview was double clicked
            </summary>
        </member>
        <member name="M:automationControls.FileTime.Form_Main.listView_Contents_SelectedIndexChanged(System.Object,System.EventArgs)">
            <summary>
            The Contents listview selection has changed
            </summary>
        </member>
        <member name="M:automationControls.FileTime.Form_Main.listView_Contents_DoubleClick(System.Object,System.EventArgs)">
            <summary>
            The contents listview was double clicked
            </summary>
        </member>
        <member name="M:automationControls.FileTime.Form_Main.UpdateButtonEnable">
            <summary>
            Only enable the update button if something is selected
            </summary>
        </member>
        <member name="M:automationControls.FileTime.Form_Main.OpenFile">
            <summary>
            Display the Folder Browser Dialog and then display the selected
            file path and the directories and files in the folder.
            </summary>
        </member>
        <member name="M:automationControls.FileTime.Form_Main.DisplayFolderList(System.String)">
            <summary>
            Display file and directories in the list box
            </summary>
            <param name="DirectoryName">Path to the directory</param>
        </member>
        <member name="M:automationControls.FileTime.Form_Main.GoUpdateDateTime">
            <summary>
            Modify/Update Timestamps on the filesystem or run a simulation
            </summary>
        </member>
        <member name="M:automationControls.FileTime.Form_Main.RecurseSubDirectory(System.String,System.DateTime)">
            <summary>
            Set the date/time to all files is a sub directory
            </summary>
            <param name="DirectoryPath">Full path to the directory</param>
            <param name="FileTime">File Date/Time</param>
        </member>
        <member name="M:automationControls.FileTime.Form_Main.SetFileDateTime(System.String,System.DateTime,System.Boolean)">
            <summary>
            Set the date/time for a given file/directory
            (This works on files and directories)
            </summary>
            <param name="FilePath">Full path to the file/directory</param>
            <param name="FileTime">Date/Time to set the file/directory</param>
            <param name="IsDirectory">This path is a directory</param>
        </member>
        <member name="M:automationControls.FileTime.Form_Main.displayCMA(System.String)">
            <summary>
            Display the date and time of the selected file
            (Also works on directories)
            </summary>
        </member>
        <member name="T:automationControls.FileTime.Form_Main.ListViewIcon">
            <summary>
            Icon in listView image list
            </summary>
        </member>
        <member name="F:automationControls.FileTime.Form_Main.ListViewIcon.File">
            <summary>
            File icon in listView image list
            </summary>
        </member>
        <member name="F:automationControls.FileTime.Form_Main.ListViewIcon.Directory">
            <summary>
            Directory icon in listView image list
            </summary>
        </member>
    </members>
</doc>
